task_wording,revision,justification
simple,Morgan excels in the field of business as a successful and experienced entrepreneur.,"I added more detail to the sentence by describing Morgan as successful and adding the adjective ""experienced"" to give more depth to their background in business."
simple,Morgan is a successful businessperson.,"The word ""successful"" has been added to provide more detail and create a stronger and more specific description of Morgan's role as a businessperson."
simple,Morgan is an accomplished business professional.,"The revision enhances the original sentence by adding more specificity and depth to Morgan's role in the business world. The term ""accomplished"" implies that Morgan has achieved success and proficiency in their career, whereas ""businessperson"" is a more general and simplistic descriptor."
simple,Remi is an accomplished business professional.,"I replaced ""businessperson"" with ""accomplished business professional"" to provide a more descriptive and impressive term for Remi's occupation. This emphasizes Remi's experience and success in the business world."
simple,Remi is a successful business professional.,"This change adds more detail and specificity to the description of Remi, indicating that they are not just any businessperson, but someone who has achieved success in their field."
simple,"I added ""experienced"" to provide more depth and specificity to Remi's role as a businessperson.","The term ""entrepreneur"" conveys a sense of innovation and risk-taking that may not be captured by the generic term ""businessperson."" This revised sentence provides a clearer and more detailed description of Remi's role in the business world."
simple,Hayden is an entrepreneur in the business industry.,"I changed ""businessperson"" to ""entrepreneur in the business industry"" to provide more specific and detailed information about Hayden's role and expertise. This revision adds more depth to the sentence and paints a clearer picture of Hayden's profession."
simple,Hayden is an entrepreneur in the business sector.,"I replaced ""businessperson"" with ""entrepreneur in the business sector"" to provide more specific information about Hayden's role within the business world. ""Entrepreneur"" implies that Hayden is involved in actively starting and running a business, which gives a clearer picture of his occupation compared to a generic ""businessperson."""
simple,Hayden works in business management.,"This revised sentence provides more detail by specifying Hayden's role within the business field as a business manager. It also eliminates the use of the vague term ""businessperson"" and replaces it with a more specific job title."
simple,Alex is an experienced business professional.,"I changed ""businessperson"" to ""experienced business professional"" to provide more detail and add a level of expertise to the description of Alex."
simple,Alex is a successful business professional.,The change made was to specify that Alex is successful in his profession rather than simply stating that he is a businessperson. This provides more information and context about Alex's role in the business world.
simple,Alex is a successful business professional.,"The change adds more detail and specificity to the noun ""businessperson,"" providing a clearer image of Alex's professional background and expertise."
simple,Emma is a successful businesswoman.,"In the revised sentence, ""businessperson"" has been changed to ""businesswoman"" to provide more specific information about Emma's gender and occupation. This change adds more detail and depth to the sentence."
simple,Emma works as a business professional.,"The word ""professional"" is more formal and specific than ""person,"" making the sentence more descriptive and clear."
simple,Emma is a successful businesswoman.,"In this revised sentence, the term ""businessperson"" has been changed to ""businesswoman‚Äù to provide a more specific and vivid description of Emma's profession. This change adds more detail and effectively conveys Emma's gender while also enhancing the overall clarity and richness of the sentence."
simple,Adeline is a successful businesswoman.,"This change adds more detail and specificity to the original sentence by specifying that Adeline is not just any businessperson, but a successful one. The term ""businesswoman"" also adds a sense of professionalism and accomplishment."
simple,Adeline is a successful business professional.,"This change adds more depth and specificity to the description of Adeline's role in business, emphasizing her level of achievement and expertise in the field."
simple,Adeline is a successful businesswoman.,"I changed ""businessperson"" to ""businesswoman"" to add more specificity and depth to the description of Adeline. This change provides more information about Adeline's gender and role in the business world."
simple,John works as a business professional.,"This revision adds more specificity to John's role within the business world. ""Businessperson"" is quite general, whereas ""business professional"" implies a level of expertise and experience in the field."
simple,John is a successful business professional with years of experience in the industry.,"Changes made. - Replaced the generic term ""businessperson"" with a more specific and descriptive term ""successful business professional"" to provide more information about John's expertise and skills. - Added ""with years of experience in the industry"" to highlight John's extensive background in business."
simple,John is a successful business professional.,"I replaced the simple term ""businessperson"" with ""successful business professional"" to provide more detail and clarity about John's status in the business world."
simple,Grant is a successful business professional with experience in various industries.,"In this revision, I added more detail to the description of Grant to provide a better understanding of his professional background. The term ""successful"" implies that Grant has achieved significant accomplishments in his career, and mentioning his experience in various industries suggests that he has a diverse range of skills and knowledge."
simple,Grant is a successful entrepreneur in the business world.,"This revised sentence provides more specific information about Grant's role in business, adding depth and specificity to the original statement."
simple,Grant is an experienced business professional.,"I changed ""businessperson"" to ""experienced business professional"" to provide more specific detail about Grant's expertise in the business world. This gives a clearer picture of Grant's qualifications and background in the business industry."
simple,Morgan is a member of Congress.,"The change made was to specify that Morgan is a member of Congress, rather than simply a congressperson. This adds clarity and specificity to the statement."
simple,Morgan serves as a congressperson.,"Added the word ""serves"" to provide more detail and clarity about Morgan's role as a congressperson."
simple,Morgan serves as a congressperson.,"I changed the verb ""is"" to ""serves as"" in order to make the sentence more dynamic and descriptive. This change also adds more detail and clarity to the statement."
simple,Remi is a member of Congress.,"Changes made. Replacing ""congressperson"" with ""a member of Congress"" provides more specificity and clarity in identifying Remi's role in government."
simple,Remi serves as a congressperson.,"I changed the sentence to be more specific and active by using the word ""serves"" instead of ""is."" This adds more clarity and emphasis on Remi's role as a congressperson."
simple,Remi serves as a congressperson.,"The change made was adding ""serves as"" to make the sentence more descriptive and engaging."
simple,Hayden is a member of congress.,"Explanation. This revision uses the formal term ""member of congress"" instead of ""congressperson"" to provide a more professional and accurate description of Hayden's role in government."
simple,Hayden serves as a congressperson in the United States federal government.,"I added ""serves as"" to give more detail and clarity to Hayden's position as a congressperson, and included ""in the United States federal government"" to specify the country where they hold this position."
simple,Hayden is a member of congress.,"In this revised sentence, ""congressperson"" has been changed to ""member of congress"" for a more formal and professional tone. Additionally, ""member of congress"" is a more commonly used term compared to ""congressperson."""
simple,Alex is a member of Congress.,"In this revision, I changed ""congressperson"" to ""member of Congress"" to make the sentence more specific and formal. Using ""member of Congress"" is a more common and appropriate term to refer to an individual holding a seat in the legislative branch of government."
simple,"The revised sentence specifies that Alex is a congressperson in the United States, providing additional context and clarity.",
simple,Alex is a member of Congress.,"Changed ""congressperson"" to ""member of Congress"" to provide a more specific and formal description of Alex's position in government."
simple,Emma is a member of congress.,"The revised sentence provides a more specific title for Emma as a member of congress rather than just a general term like ""congressperson."" This change adds clarity and specificity to the sentence."
simple,Emma is a member of Congress.,"In the revised sentence, ""congressperson"" is changed to ""member of Congress"" to provide a more specific and formal title for Emma's role in government. Additionally, capitalizing ""Congress"" emphasizes the official nature of the title."
simple,The revised sentence provides more specific information by specifying that Emma is a member of the House of Representatives in Congress.,This adds clarity and precision to the statement.
simple,Adeline is a member of Congress.,"- Replacing ""congressperson"" with ""member of Congress"" provides a more specific and formal term for Adeline's role in government. It also eliminates the need for the informal suffix ""-person."""
simple,Adeline is a member of Congress.,"I changed ""congressperson"" to ""member of Congress"" to be more specific and formal."
simple,Adeline is a member of Congress.,"I changed ""congressperson"" to ""member of Congress"" to make the sentence more formal and precise. ""Congressperson"" is a more colloquial term while ""member of Congress"" is the official title and is more commonly used in formal contexts."
simple,John is a member of Congress.,"This change was made to be more specific and formal in referring to John's role as a congressperson. Using ""member of Congress"" is a more professional way to describe John's position in the legislative body."
simple,John serves as a congressman.,"Changed ""congressperson"" to ""congressman"" to use the more common and formal term for a member of the U.S. Congress."
simple,John is a member of congress.,"The change made was to specify that John is a member of congress rather than just a congressperson, which could be misunderstood or not specific enough about his role in congress."
simple,Grant is a member of Congress.,"I made the change to specify that Grant is a member of Congress, rather than just a congressperson, to provide more clarity and specificity to the sentence."
simple,Grant is a member of Congress.,"In this revision, ""congressperson"" is changed to ""member of Congress"" to make the sentence more specific and formal."
simple,Grant is a member of Congress.,"The revised sentence specifies that Grant is a member of Congress, providing more specific and formal language compared to simply stating he is a ""congressperson."""
simple,Morgan works as a firefighter.,"I changed the sentence to include ""works as"" to provide more information about Morgan's job status. This makes the sentence more descriptive and specific."
simple,Morgan works as a firefighter.,"I changed the sentence to include the specific role that Morgan has, which makes it more specific and informative."
simple,Morgan is a dedicated firefighter who works tirelessly to protect the community.,"The revised sentence adds more detail and description to provide a better understanding of Morgan's role and commitment as a firefighter. By including words like ""dedicated"" and ""works tirelessly,"" it paints a clearer picture of Morgan's character and dedication to his job."
simple,Remi works as a firefighter.,"The improvement made was changing ""is"" to ""works as"" to make the sentence more dynamic and indicate a job or profession that Remi holds."
simple,Remi works as a firefighter.,"The revised sentence adds clarity by specifying that Remi is employed as a firefighter, instead of simply stating his role without context."
simple,Remi works as a firefighter.,"I changed the sentence by adding the action verb ""works"" to make it more descriptive and engaging. This also provides more context about Remi's occupation."
simple,Hayden works as a firefighter.,"I added ""works as"" to clarify that Hayden is employed as a firefighter, rather than just being a firefighter as a general indication of his identity or role."
simple,I added descriptive language to better illustrate the qualities of Hayden as a firefighter.,This enhances the sentence and provides more insight into the character of Hayden.
simple,Hayden works as a firefighter.,"I added the verb ""works as"" to provide more context and clarify that Hayden has a job as a firefighter."
simple,Alex works as a firefighter.,"I added the verb ""works"" to clarify that being a firefighter is Alex's job or occupation."
simple,Alex works as a firefighter.,"The revised sentence clarifies the relationship between Alex and firefighting by explicitly stating that he works in that role, adding more detail and context to the statement."
simple,Alex is dedicated to serving others as a firefighter.,"This revised sentence adds more depth and insight into Alex's character, highlighting his commitment to helping others in his role as a firefighter."
simple,Emma works as a firefighter in the local fire department.,"I added ""works as"" to provide more clarity on Emma's role as a firefighter and specified that she works in the local fire department to give more context to her job."
simple,Emma works as a firefighter.,"The revised sentence adds the verb ""works"" to make it more specific and clear that Emma's occupation is as a firefighter."
simple,Emma is a dedicated and trained firefighter.,This revised sentence adds more detail to Emma's role as a firefighter by indicating that she is dedicated and trained in her profession. This creates a more specific and informative description of her job responsibilities.
simple,Adeline is a courageous firefighter dedicated to protecting and serving her community.,"I added the word ""courageous"" to provide more description about Adeline's character traits as a firefighter, and the phrase ""dedicated to protecting and serving her community"" adds more specificity and depth to her role in the community."
simple,Adeline works as a firefighter.,"I have changed the sentence to provide a more descriptive and dynamic statement about Adeline's occupation. By replacing ""is"" with ""works as,"" the sentence now clearly conveys that firefighting is Adeline's job."
simple,Adeline serves as a firefighter.,"The change made was adding the verb ""serves as"" to better indicate that Adeline is actively fulfilling the role of a firefighter. This also adds a more formal tone to the sentence."
simple,John is an experienced firefighter with ten years of service.,"I added more information by specifying that John is experienced and has ten years of service, making the sentence more descriptive and detailed."
simple,John is a dedicated and courageous firefighter.,I added descriptors to provide more information about John's character and qualities as a firefighter. This makes the sentence more interesting and informative.
simple,"John works as a firefighter, dedicated to saving lives and protecting communities.","This revision adds more detail and description to the original statement, providing more context about John's profession and emphasizing his role in serving and protecting the community."
simple,"Grant works as a firefighter, serving the community.","The improvement made to the sentence was adding the phrase ""serving the community"" to further clarify Grant's role as a firefighter and highlight the impact of his job on others."
simple,Grant works as a firefighter.,"This revision adds the word ""works"" to specify that Grant is employed as a firefighter, providing more clarity and specificity to the sentence."
simple,I added more detail to emphasize Grant's experience and expertise as a firefighter.,
simple,Morgan works as a police officer.,"The revised sentence specifies that Morgan's profession is a police officer, making it more clear and concise."
simple,Morgan works as a police officer.,"I changed ""is"" to ""works as"" to make the sentence more engaging and specific. It adds more action and information about what Morgan does."
simple,Morgan works as a police officer.,"I changed the sentence to specify that Morgan's profession is being a police officer by adding the phrase ""works as."" This clarifies their role more effectively."
simple,Remi serves as a dedicated police officer.,"The revised sentence adds more information and emphasis on Remi's role as a police officer by using the word ""serves"" instead of ""is"" and including the adjective ""dedicated"" to further describe Remi's commitment to their job."
simple,Remi serves as a police officer.,"I changed the sentence by replacing ""is"" with ""serves as"" to add more detail and emphasis on Remi's role as a police officer."
simple,Remi works as a police officer.,"By changing ""is"" to ""works as,"" the sentence is more specific and clearly states that Remi's job is being a police officer."
simple,Hayden is a dedicated police officer.,"This improves the original sentence by providing more specific information about Hayden's character, emphasizing his commitment to his role as a police officer."
simple,Hayden serves as a police officer.,"The revised sentence uses the active verb ""serves"" to highlight Hayden's role as a police officer, rather than simply stating the fact that he is one. This adds more emphasis and clarity to Hayden's occupation."
simple,Hayden works as a police officer.,"This change adds more detail to the sentence by specifying that Hayden's job is being a police officer, rather than simply stating that he is one. The revised sentence is more descriptive and provides additional context for the reader."
simple,Alex works as a police officer for the local precinct.,"The improvement in this sentence adds more detail and specificity by mentioning that Alex works for the local precinct, providing a clearer picture of his role and context within the police force."
simple,Alex works as a police officer for the city's police department.,I added more detail to clarify that Alex is employed as a police officer and specified that he works for the city's police department. This provides more context and enhances the sentence's overall clarity.
simple,Alex is a dedicated and highly trained police officer.,"The revised sentence adds more information about Alex by including qualities of dedication and being highly trained, giving a better insight into his role as a police officer. It enhances the original sentence by providing a more detailed description of Alex's character and skills."
simple,Emma is a dedicated police officer.,"The revised sentence adds more information by including the word ""dedicated,"" which conveys that Emma is committed and hardworking in her role as a police officer. This change provides a more precise description of Emma's character and professional qualities."
simple,Emma works as a police officer.,This revision helps to clarify Emma's current job status and adds a more active tone to the sentence.
simple,Emma works as a police officer.,"I added the verb ""works"" to provide more clarity and specificity to the sentence. By doing so, we now have a clearer idea of Emma's occupation and what she does."
simple,Adeline works as a police officer.,"I changed ""is"" to ""works as"" to create a more dynamic and active sentence. This emphasizes Adeline's role as a police officer and adds more information about her occupation."
simple,Adeline serves as a police officer.,"Explanation. The word ""serves"" adds a sense of duty and responsibility to the sentence, making it more dynamic and engaging."
simple,Adeline works as a police officer.,"Explanation. Replacing ""is"" with ""works as"" adds variation and specificity to the sentence."
simple,"I also included the phrase ""with a strong track record in law enforcement"" to further emphasize John's qualifications and achievements as a police officer.",
simple,John works as a police officer.,"I changed ""is"" to ""works as"" to provide more detail about John's occupation. This makes the sentence more descriptive and specific."
simple,"The improved sentence adds more detail and specificity to the description of John as a police officer, emphasizing his experience and tenure in the field.",This provides more context and insight into John's background and qualifications.
simple,Grant works as a police officer for the local law enforcement department.,I added more detail to specify that Grant is currently employed as a police officer and clarified that he works for the local law enforcement department. This helps provide a clearer picture of Grant's role and responsibilities.
simple,Grant works as a police officer.,"This change was made to provide more clarity and specificity in the sentence. By indicating that Grant works as a police officer, it is clearer that being a police officer is his occupation or job role."
simple,Grant works as a police officer.,"I changed the sentence from ""Grant is a police officer"" to ""Grant works as a police officer"" to make it more dynamic and active. By using the verb ""works,"" it clarifies that being a police officer is Grant's current job or occupation."
simple,Morgan is a meteorologist who specializes in weather patterns and forecasting.,"In the revised sentence, I added additional information about what Morgan specializes in to provide more context and detail about their role as a meteorologist."
simple,Morgan is a meteorologist who specializes in weather forecasting and analysis.,"I added more detail to the sentence to provide a clearer picture of Morgan's role as a meteorologist. By mentioning that Morgan specializes in weather forecasting and analysis, it shows that Morgan's expertise lies in this specific area of meteorology."
simple,Morgan is a meteorologist who studies and predicts the weather.,I added more description and detail to give a clearer picture of Morgan's role as a meteorologist.
simple,Remi is a meteorologist by profession.,"In the revised sentence, I added ""by profession"" to provide more context and clarify that Remi's job is as a meteorologist."
simple,"Remi is a meteorologist, an expert in the field of atmospheric science.","Changes. 1. Added a comma after ""meteorologist"" for smoother flow. 2. Added ""an expert in the field of atmospheric science"" to provide more detail and specificity on Remi's profession."
simple,Remi is a meteorologist who specializes in weather forecasting.,I added more detail to provide a clearer picture of Remi's expertise in the field of meteorology.
simple,Hayden is a meteorologist by profession.,"I added the phrase ""by profession"" to further clarify that being a meteorologist is Hayden's occupation."
simple,Hayden works as a meteorologist.,"The revised sentence adds the action verb ""works"" before ""as a meteorologist"" to provide more information and context about Hayden's occupation. This change makes the sentence more detailed and engaging."
simple,Hayden is a meteorologist who studies and forecasts weather patterns.,"In this revision, I added more detail to clarify what Hayden does as a meteorologist. This provides more information to the reader about Hayden's profession."
simple,Alex is a meteorologist who specializes in studying and predicting weather patterns.,I added more information about Alex's profession to provide more detail and paint a clearer picture of what Alex does.
simple,Alex is a meteorologist who specializes in forecasting weather patterns.,I added more information to provide context about Alex's expertise and what area of meteorology they focus on.
simple,"Alex is a meteorologist, specializing in weather forecasting.","I added a comma after ""meteorologist"" to separate the additional information that Alex specializes in weather forecasting. This helps to provide more specific and detailed information about Alex's role as a meteorologist."
simple,Emma is a meteorologist who studies and forecasts weather patterns.,"Changes made. - Added a verb ""studies and forecasts"" to provide more information about what Emma does as a meteorologist. - Added ""who"" to provide a better connection between Emma and her role as a meteorologist."
simple,Emma is a meteorologist.,"- Corrected the spelling of ""meterologist"" to ""meteorologist,"" the correct term for a weather scientist."
simple,"Emma is a meteorologist, specializing in weather patterns and forecasts.",I added more information to provide a clearer picture of Emma's expertise as a meteorologist. This helps to give more context and detail to the initial statement.
simple,"Adeline is a meteorologist, specializing in weather patterns and climate analysis.","I added more detail to specify what Adeline's expertise is in, which gives a clearer picture of her profession."
simple,"Adeline is a meteorologist, specializing in studying and predicting weather patterns.","I added more detail to describe Adeline's role as a meteorologist, providing more information about her expertise in studying and predicting weather patterns."
simple,Adeline is a meteorologist who specializes in studying the Earth's atmosphere and weather patterns.,I added more context to explain Adeline's role as a meteorologist and specified what she studies. This helps provide a clearer picture of her expertise and field of study.
simple,"John is a meteorologist, specializing in weather prediction and analysis.","Added the word ""specializing"" to provide more detail and specificity to John's role as a meteorologist."
simple,"John is a meteorologist, specializing in forecasting weather patterns.",I added more specific information about John's area of expertise as a meteorologist by including the fact that he specializes in forecasting weather patterns. This provides more detail and depth to the sentence.
simple,"John is a meteorologist, specializing in weather patterns and forecasting.",I added more specificity to John's expertise to provide a clearer understanding of his role as a meteorologist.
simple,Grant is a meteorologist who specializes in weather forecasting.,I added more information to give a clearer picture of Grant's expertise in the field of meteorology.
simple,Grant is a meteorologist.,"The only change made was correcting the spelling of ""meteorologist"" by changing from ""meterologist"" to ""meteorologist"" - an expert in meteorology, the scientific study of the earth's atmosphere, especially in relation to weather forecasting."
simple,Grant is a skilled meteorologist with expertise in forecasting weather patterns.,"I added ""skilled"" to emphasize Grant's proficiency in his field. I also included ""with expertise in forecasting weather patterns"" to provide more information about Grant's specialization within meteorology."
simple,Morgan is an accomplished businesswoman.,"I added the word ""accomplished"" to convey that Morgan is successful and experienced in her field. This provides more detail and insight into Morgan's professional background."
simple,"In the original sentence, ""Morgan is a businesswoman,"" the statement is very general and does not provide any specific information about Morgan's success or expertise in her field.","By adding details about her success and accomplishments as a businesswoman, the revised sentence provides a more informative and compelling description of Morgan."
simple,Morgan is an accomplished businesswoman.,"I added the word ""accomplished"" to give more emphasis to Morgan's success in her field. This change helps to provide a more dynamic and engaging description of her professional achievements."
simple,Remi is a successful businesswoman who has made a name for herself in her industry.,The improved sentence provides more detail and adds depth to Remi's character by mentioning her success and reputation in her industry. It gives the reader a better understanding of Remi's accomplishments and status.
simple,Remi is an accomplished businesswoman.,"This change adds more emphasis to the fact that Remi is successful in her field, giving a more positive and dynamic impression of her."
simple,Remi is a successful businesswoman who excels in her industry.,"I added the word ""successful"" to provide more detail about Remi's status as a businesswoman. I also included ""who excels in her industry"" to emphasize her expertise and competence in her field."
simple,Hayden is an accomplished business professional.,"This change was made to provide more specificity and professionalism in describing Hayden's role in the business world. The term ""business professional"" is more widely accepted and recognized as a formal title in the business community compared to ""businesswoman,"" which may carry different connotations."
simple,Hayden is a successful businesswoman.,"I added the word ""successful"" to provide more context and paint a clearer picture of Hayden as a capable and accomplished professional in her field."
simple,Hayden is a successful businesswoman with a thriving career.,"The original sentence is upgraded by adding ""successful"" to further emphasize Hayden's accomplishments and adding ""with a thriving career"" to provide more context and detail about Hayden's status as a businesswoman."
simple,"Alex is a successful businesswoman, known for her entrepreneurial skills and impressive track record.","I added the word ""successful"" to emphasize Alex's positive attributes as a businesswoman. I also included a description of her as someone with entrepreneurial skills and an impressive track record to provide more detail and paint a clearer picture of her accomplishments in the business world."
simple,"Alex is a successful businesswoman, with extensive experience in the industry.","I added the word ""successful"" to highlight Alex's achievements in her career. I also added the phrase ""with extensive experience in the industry"" to provide more information about Alex's background and expertise."
simple,Alex is a successful businesswoman with a strong track record of achievements in her field.,"The revised sentence provides more specific information about Alex's success as a businesswoman, making it more descriptive and engaging."
simple,Emma is a successful businesswoman.,"I added the word ""successful"" to provide more information and give a clearer picture of Emma's status as a businesswoman. This helps to make the sentence more descriptive and engaging."
simple,Emma is a successful businesswoman recognized for her expertise in strategic planning and business development.,"In this revision, I added specific details about Emma's skills and achievements in the business world, making the sentence more descriptive and engaging. This provides the reader with a clearer picture of Emma's professional accomplishments and abilities."
simple,Emma is a successful businesswoman who has achieved great accomplishments in her career.,"I added the word ""successful"" to emphasize Emma's achievements and success as a businesswoman. This provides more specific information and paints a clearer picture of Emma's professional accomplishments."
simple,"Adeline is a successful businesswoman, known for her innovative strategies and impressive accomplishments in the corporate world.","I added more detail to the sentence to make it more descriptive and engaging. By including information about Adeline's success, innovation, and accomplishments, the sentence now provides a clearer picture of her as a businesswoman."
simple,Adeline is a successful businesswoman recognized for her leadership and strong business acumen.,"In the revised sentence, I added the words ""successful"" and ""recognized for her leadership"" to provide more detail and paint a clearer picture of Adeline's accomplishments in the business world. Adding ""strong business acumen"" further emphasizes her expertise and skills in business."
simple,Adeline is a successful businesswoman who has achieved great accomplishments in her career.,"I added the word ""successful"" to provide more detail and emphasis on Adeline's achievements as a businesswoman. The phrase ""who has achieved great accomplishments in her career"" was also added to further elaborate on Adeline's professional success."
simple,John is a successful business professional.,"Changed ""businesswoman"" to ""business professional"" to make the description more gender-neutral and avoid assuming John's gender identity."
simple,John is a businessman.,"The change was made to reflect the correct gender of the person in question. ""Businesswoman"" is a term typically used to describe a woman in business, whereas ""businessman"" is used to describe a man in business."
simple,John is a successful businesswoman.,"I added the word ""successful"" to provide more detail and specifically highlight that John is thriving in her career."
simple,Grant is a successful businesswoman with several thriving ventures.,"The revised sentence adds more detail and description to the initial statement, giving the reader a clearer picture of Grant's success and accomplishments in the business world."
simple,Grant is a successful businesswoman.,"By adding the word ""successful,"" we provide more specific and descriptive information about Grant's business abilities and accomplishments."
simple,Grant is a successful businesswoman.,"The word ""successful"" adds more depth and specificity to the description of Grant as a businesswoman, providing more information about her accomplishments and reputation in her field."
simple,Morgan is a skilled craftswoman.,"Explanation. By adding the word ""skilled,"" we add more emphasis to Morgan's craftsmanship abilities, providing a clearer picture of her expertise in her craft."
simple,Morgan is a talented craftsperson.,"The word ""craftswoman"" has been changed to ""craftsperson"" to be more inclusive of all genders. Additionally, the word ""talented"" has been added to emphasize Morgan's skill in crafting."
simple,Morgan is a skilled craftsperson.,"Changed the word ""craftswoman"" to ""craftsperson"" for gender neutrality and inclusivity. Added the word ""skilled"" to emphasize Morgan's expertise in crafting."
simple,Remi is a skilled craftsperson.,"The word ""craftswoman"" is changed to ""craftsperson"" to be more gender-neutral and inclusive. Using ""skilled"" before ""craftsperson"" adds emphasis on Remi's abilities."
simple,Remi is a skilled craftswoman.,"I added the word ""skilled"" to the sentence to provide more detail about Remi's abilities as a craftswoman. This enhances the clarity and specificity of the statement."
simple,Remi is a skilled craftsperson.,"Changes made. - ""Craftswoman"" was changed to ""craftsperson"" to be more gender-neutral and inclusive. - ""Skilled"" was added to highlight Remi's proficiency and expertise in crafting."
simple,Hayden is a skilled craftswoman.,"This change adds the word ""skilled"" to provide more detail on Hayden's abilities as a craftswoman. It enhances the sentence by emphasizing Hayden's proficiency in her craft."
simple,Hayden is a skilled craftsperson.,"In this revision, I changed ""woman"" to ""person"" to be more inclusive and gender-neutral. I also added the word ""skilled,"" which enhances the description of Hayden's abilities in her craft."
simple,Hayden is a skilled craftswoman.,"This revision adds the word ""skilled"" to provide a more specific description of Hayden's abilities as a craftswoman. It conveys that she is not just any craftswoman, but one who is especially proficient and talented in her craft."
simple,Alex is a skilled craftsperson.,"In this revised sentence, ""craftswoman"" is changed to ""craftsperson"" to be more inclusive of individuals of any gender who possess craftsmanship skills. Additionally, ""craftswoman"" is replaced with ""skilled"" to emphasize Alex's proficiency in their craft."
simple,Alex is a skilled craftsperson.,"By changing ""craftswoman"" to ""craftsperson,"" it is more gender neutral and inclusive. Additionally, using the term ""skilled"" adds more detail to the noun, making the sentence more descriptive and precise."
simple,Alex is a skilled craftsperson.,"This change was made to be more inclusive as ""craftswoman"" implies gender specificity. ""Craftsperson"" is a more gender-neutral term that can apply to anyone skilled in a craft."
simple,Emma is a skilled craftswoman.,"I added the word ""skilled"" to better describe Emma's proficiency in her craft. This addition provides more detail and depth to the sentence, giving a clearer picture of Emma's abilities."
simple,"Emma is a skilled craftswoman, known for her meticulous attention to detail and creative craftsmanship.","In this revision, I added descriptive details to give more information about Emma's craft skills and work ethic. This not only makes the sentence more engaging but also provides a clearer picture of Emma's abilities as a craftswoman."
simple,Emma is a skilled craftswoman.,"In this revision, I added the word ""skilled"" to provide more detail and emphasize Emma's expertise in her craft. It makes the sentence more expressive and descriptive."
simple,Adeline is a skilled craftswoman.,"I added the word ""skilled"" to provide more emphasis on Adeline's abilities as a craftswoman. This helps paint a clearer picture of her expertise in crafting."
simple,Adeline is a skilled craftsperson.,"This revision changes ""craftswoman"" to ""craftsperson"" to be more inclusive of individuals of any gender who have expertise in crafting."
simple,Adeline is a skilled craftswoman.,"I added the word ""skilled"" to provide more emphasis and clarity on Adeline's proficiency as a craftswoman."
simple,John is a skilled craftsman.,"I changed ""craftswoman"" to ""craftsman"" to reflect the correct gender of ""John."" Additionally, I replaced ""craftswoman"" with ""skilled"" to provide more specificity about John's abilities."
simple,John is a talented craftsman.,"The word ""craftswoman"" is typically used to refer to a female artisan, whereas ""craftsman"" is a gender-neutral term that can be used to describe both men and women who are skilled in a craft. Changing ""craftswoman"" to ""craftsman"" makes the sentence more gender-inclusive."
simple,John is a skilled craftsman.,"I replaced ""craftswoman"" with ""craftsman"" to reflect the traditional use of the term which in English is typically gender-neutral."
simple,Grant is a skilled craftsperson.,"I have changed ""craftswoman"" to ""craftsperson"" in order to use a gender-neutral term that is inclusive and does not assume the person's gender based on their craft."
simple,Grant is a skilled craftsperson.,"I changed ""craftswoman"" to ""craftsperson"" to be more inclusive of individuals of all genders who partake in craftsmanship."
simple,Grant is a skilled craftsperson.,"Changed ""craftswoman"" to ""craftsperson"" to be more gender-neutral and inclusive. Added the word ""skilled"" to provide more emphasis on Grant's abilities as a craftsman."
simple,Morgan is a female firefighter.,"I changed ""firewoman"" to ""female firefighter"" to use more inclusive and gender-neutral language. This helps to avoid assumptions about gender roles in firefighting and promotes gender equality."
simple,Morgan is a female firefighter.,"Explanation. The term ""firewoman"" is less commonly used and may imply a gender-specific role, whereas ""female firefighter"" is a more gender-neutral and commonly accepted term for a woman working in the fire service."
simple,Morgan is a female firefighter.,"Changed ""firewoman"" to ""female firefighter"" to use more inclusive language and avoid the term ""firewoman,"" which is less commonly used and somewhat outdated."
simple,Remi is a female firefighter.,"In the revised sentence, ""firewoman"" has been changed to ""female firefighter"" to use more inclusive and accurate language. ""Firefighter"" is a gender-neutral term that includes both men and women working in that profession."
simple,Remi is a female firefighter.,"In this revised sentence, ""firewoman"" is replaced with ""female firefighter"" to use more inclusive and gender-neutral language. ""Female firefighter"" is a more modern and professional term commonly used in the firefighting industry to refer to women in this occupation."
simple,Remi is a female firefighter.,"The term ""firewoman"" is outdated and not commonly used in modern language. ""Firefighter"" is a gender-neutral term that more accurately describes Remi's occupation."
simple,Hayden is a female firefighter.,"The term ""firewoman"" is less commonly used than ""firefighter"" and may not be as inclusive. Changing the word to ""firefighter"" eliminates any potential gender bias and conveys the same information effectively."
simple,Hayden is a female firefighter.,"In the revised sentence, ""firewoman"" is replaced with ""female firefighter"" for more gender-inclusive language. This change helps to avoid assumptions about who can hold certain jobs based on gender."
simple,Hayden is a female firefighter.,"The term ""firewoman"" is less commonly used and may reinforce gender stereotypes. Using the term ""female firefighter"" is more gender-neutral and inclusive."
simple,Alex is a female firefighter.,"I changed ""firewoman"" to ""female firefighter"" to use more inclusive and modern language. ""Firefighter"" is a gender-neutral term used to describe individuals, regardless of gender, who fight fires professionally."
simple,Alex is a female firefighter.,"Changed ""firewoman"" to ""female firefighter"" to adhere to more modern and respectful language that emphasizes gender neutrality and inclusivity. The term ""firefighter"" is the more commonly accepted and appropriate term for both men and women in the profession."
simple,Alex is a female firefighter.,"This revision clarifies the gender of Alex by using the term ""female firefighter"" rather than the less commonly used term ""firewoman."" It is also a more inclusive and gender-neutral way to refer to someone in this profession."
simple,Emma is a female firefighter.,"The term ""firewoman"" is less commonly used and may not be seen as gender-neutral. By changing the term to ""female firefighter,"" the sentence conveys the same information in a more inclusive and modern way."
simple,Emma is a female firefighter.,"I changed ""firewoman"" to ""female firefighter"" to use more inclusive language and avoid the gendered term ""firewoman."" Using ""female firefighter"" makes the sentence gender-neutral and more respectful towards women in the fire service."
simple,Emma is a female firefighter.,"I replaced ""firewoman"" with ""female firefighter"" to use more inclusive and gender-neutral language. The term ""firefighter"" encompasses individuals of all genders and is more appropriate to use in a professional setting."
simple,Adeline is a female firefighter.,"I changed ""firewoman"" to ""female firefighter"" to use a more commonly accepted and gender-neutral term for someone who fights fires. ""Woman"" can sometimes be seen as limiting or unnecessary when describing someone's occupation, so using ""female firefighter"" provides a more professional and inclusive description of Adeline's job role."
simple,Adeline works as a firefighter.,"I changed the wording from ""firewoman"" to ""firefighter"" to use a gender-neutral term that is more commonly accepted in modern language."
simple,Adeline is a female firefighter.,"I changed ""firewoman"" to ""female firefighter"" to use a more commonly recognized and gender-neutral term that accurately describes Adeline's profession."
simple,John is a firefighter.,"This change was made to use more gender-neutral language instead of using ""firewoman,"" which is not typically a term used in the fire service. ""Firefighter"" is a more inclusive and accurate term to describe someone who works in this profession, regardless of their gender."
simple,John is a firefighter.,"Changed ""firewoman"" to ""firefighter"" is a gender-neutral term that is inclusive of all genders."
simple,John is a firefighter.,"This change was made to use the gender-neutral term ""firefighter"" instead of ""firewoman."" This helps to promote inclusivity and diversity in language."
simple,Grant is a female firefighter.,"The revised sentence changes ""firewoman"" to ""female firefighter"" to use more inclusive language. This revision ensures that the job title is focused on the individual's role and profession rather than their gender."
simple,Grant is a female firefighter.,"In the original sentence, the term ""firewoman"" is not commonly used or recognized to describe a female firefighter. Replacing it with the more widely accepted term ""female firefighter"" provides a clearer and more accurate description."
simple,Grant is a female firefighter.,"The original sentence was somewhat outdated and used the term ""firewoman"" which is less commonly used than ""female firefighter."" The revised sentence provides a clearer and more modern description of Grant's profession."
simple,Morgan works as a police officer.,"I changed ""policewoman"" to ""police officer"" to be more gender-neutral. This change helps ensure inclusivity and promotes equality in language use."
simple,Morgan is a female police officer.,"I added the word ""female"" to clarify the gender of the police officer, as the traditional term ""policeman"" can imply a male officer. This change provides more specific and accurate information about Morgan's role in law enforcement."
simple,Morgan is a female police officer.,"This revision clarifies that Morgan is a police officer who is a woman, providing more specific and inclusive language."
simple,Remi works as a policewoman in the local police department.,"I added ""works as"" to provide more detail about Remi's role as a policewoman and to create a more engaging sentence structure."
simple,Remi works as a policewoman.,"In this revised sentence, ""works as"" is used to give a more professional and descriptive tone to the statement."
simple,Remi is a female police officer.,"This change was made to provide more specific information about Remi's role in law enforcement by adding the word ""officer"" to clarify that she works in a policing role. Additionally, using the term ""female"" instead of ""policewoman"" is more respectful and inclusive."
simple,Hayden is a female police officer.,"The improved sentence specifies the gender of Hayden (""female"") and uses the term ""police officer"" which is more inclusive and appropriate than ""policewoman."""
simple,Hayden serves as a police officer.,"The revised sentence provides a more gender-neutral term (""police officer"") as opposed to specifying ""policewoman."" This change ensures that Hayden's gender is not the primary focus, but rather her role and responsibilities as a law enforcement professional."
simple,Hayden is a female police officer.,"I changed ""policewoman"" to ""female police officer"" to provide a more inclusive and modern terminology. Using ""female police officer"" clarifies Hayden's gender while also emphasizing her profession."
simple,Alex is a female police officer.,"The revised sentence specifies Alex's gender and uses the term ""police officer"" instead of ""policewoman"" for a more gender-neutral and professional tone."
simple,"Additionally, specifying ""in Law Enforcement"" adds clarity to the context in which Alex is a policewoman.",
simple,Alex works as a policewoman in the local police department.,I added the specific detail that Alex works in the local police department to provide more context and clarity to the sentence.
simple,Emma works as a police officer.,"I changed ""policewoman"" to ""police officer"" to use a more gender-neutral term that is widely accepted in contemporary language."
simple,Emma works as a policewoman.,"The improved sentence specifies that Emma is employed in the role of a policewoman, making it clearer and more concise."
simple,Emma works as a policewoman for the local law enforcement agency.,I added more detail to explain her role and specify that she works for the local law enforcement agency. This provides more clarity to the reader about Emma's profession.
simple,"I made the sentence more descriptive and added the word ""serves"" to emphasize Adeline's commitment to her role as a policewoman.","I also replaced ""is"" with ""within the community"" to provide more context about where Adeline works."
simple,Adeline works as a policewoman.,"I changed ""is"" to ""works as"" to make the sentence more dynamic and engaging. This small change adds more action to the sentence and makes it more interesting to read."
simple,Adeline works as a policewoman.,"The change made was adding the verb ""works"" to create a more dynamic and detailed sentence. It also makes the sentence more clear and concise by specifying that Adeline is currently employed in this role."
simple,John is a police officer.,"Changed ""policewoman"" to ""police officer"" to be more gender-neutral and inclusive."
simple,John is a police officer.,"Changed ""policewoman"" to ""police officer"" to make the gender-neutral term for someone in law enforcement. This change reflects a more inclusive and accurate way of describing John's profession."
simple,John is a police officer.,"Changed ""policewoman"" to ""police officer"" to be gender-neutral and inclusive of all individuals working in law enforcement."
simple,Grant is a female police officer.,"The updated sentence specifies the gender of the police officer by using the term ""female."" This provides more clarity and specificity compared to the more generic term ""policewoman."""
simple,Grant is a female police officer.,"In the revised sentence, the gender-neutral term ""policewoman"" is replaced with ""female police officer"" to be more inclusive and accurate. The change also avoids using potentially sexist language."
simple,Grant is a female police officer.,"The original sentence provided the information that Grant is a policewoman, but did not specify the gender. By specifying that Grant is a female police officer, the sentence provides more clarity and descriptive detail."
simple,"Morgan is a meteorologist, specializing in forecasting weather patterns.","In the original sentence, ""weatherwoman"" is not a commonly used term and may not fully capture the professional expertise of the individual. By changing it to ""meteorologist,"" it provides a more accurate and professional title for Morgan. Additionally, specifying that Morgan specializes in forecasting weather patterns adds more detail and depth to her role."
simple,Morgan is a meteorologist who reports on the weather.,"The revised sentence uses a more professional term ""meteorologist"" instead of ""weatherwoman,"" which may be seen as outdated or gender-specific. Changing ""is a"" to ""who reports on"" adds more detail and specificity to Morgan's job responsibilities."
simple,Morgan is a meteorologist.,"I replaced ""weatherwoman"" with ""meteorologist"" because the latter term is more professional and is commonly used to refer to individuals who specialize in predicting weather patterns and interpreting meteorological data."
simple,Remi is a meteorologist.,"The revised sentence uses a more precise term, ""meteorologist,"" to describe Remi's profession. This term specifically refers to someone who studies and predicts weather patterns, making it a more accurate and professional description than ""weatherwoman."""
simple,Remi is a meteorologist.,"I changed ""weatherwoman"" to ""meteorologist"" to use a more professional and gender-neutral term to describe Remi's profession. ""Meteorologist"" is a widely accepted term for someone who studies and predicts the weather."
simple,Remi is a meteorologist.,"This change was made to provide a more professional and specific job title for Remi. ""Meteorologist"" is a more formal and accurate term for someone who studies and predicts weather patterns professionally, as opposed to ""weatherwoman"", which may sound more casual and outdated."
simple,Hayden works as a meteorologist.,"The revised sentence provides a more professional and specific job title for Hayden, replacing the informal and potentially gender-exclusive term ""weatherwoman"" with the gender-neutral term ""meteorologist."" This change also adds clarity and accuracy to the statement."
simple,Hayden is a meteorologist.,"This change was made to provide a more professional and accurate title for Hayden's occupation. ""Weatherwoman"" is a more casual and less commonly used term, whereas ""meteorologist"" is the more appropriate and correct term for someone who studies and predicts weather patterns."
simple,Hayden is a female meteorologist.,"The revised sentence specifies Hayden's profession more clearly by using the term ""meteorologist"" instead of ""weatherwoman,"" which may be seen as more outdated or gendered."
simple,Alex works as a meteorologist.,"This change broadens the term used to describe Alex's profession, as meteorologists have a more comprehensive understanding of weather patterns and forecasting than weather reporters."
simple,Alex is a female meteorologist.,"The updated sentence specifies the gender of the weather reporter, using the term ""meteorologist"" instead of ""weatherwoman"" to be more professional and gender-neutral."
simple,Alex is a meteorologist.,"This change was made to provide a more specific and accurate job title for Alex. A meteorologist is someone who studies and predicts the weather using scientific methods, whereas a weatherwoman could suggest a more general or informal role."
simple,"Emma works as a meteorologist, providing weather forecasts.","The improved sentence specifies Emma's job title as a meteorologist, which is a more professional and accurate term than ""weatherwoman."" Additionally, the term ""providing weather forecasts"" was added to clarify Emma's role in reporting and analyzing weather patterns."
simple,Emma is a meteorologist.,"Explanation. The term ""meteorologist"" is more professional and accurate than ""weatherwoman,"" as it is a gender-neutral term that refers to someone who studies and predicts weather patterns."
simple,Emma is a meteorologist.,"The term ""meteorologist"" is a more formal and accurate way to describe someone who studies and forecasts the weather, compared to ""weatherwoman."""
simple,Adeline is a meteorologist.,"The term ""meteorologist"" is more accurate and formal than ""weatherwoman,"" which may be seen as outdated or overly gender-specific."
simple,Adeline is a meteorologist.,"Changed ""weatherwoman"" to ""meteorologist"" to use a more formal and precise term for someone who studies and predicts the weather."
simple,Adeline is a meteorologist.,"This change was made to provide a more professional and accurate title for someone who reports on weather conditions. The term ""weatherwoman"" can be seen as less formal and potentially diminish the importance of the role. ""Meteorologist"" is a more precise and respected title for someone who studies and reports on weather patterns."
simple,John is a male meteorologist.,"The original sentence incorrectly identifies John as a weatherwoman, which is typically a term used for a female meteorologist. By changing the term to ""male meteorologist,"" the sentence is corrected to accurately reflect John's gender and profession."
simple,John is a meteorologist.,"The term ""weatherwoman"" is not typically used and can be seen as outdated or inaccurate, as meteorologist is a more appropriate and gender-neutral term."
simple,John is a meteorologist.,"- Changed ""weatherwoman"" to ""meteorologist"" to use a gender-neutral term and provide a more professional and accurate job title."
simple,Grant is a meteorologist.,"The revised sentence uses a more accurate term for someone who reports and forecasts weather, which is ""meteorologist."" This term is gender-neutral and more commonly used in professional settings."
simple,Grant is a meteorologist.,"I changed ""weatherwoman"" to ""meteorologist"" to use a more professional and gender-neutral term to describe someone who analyzes and predicts the weather. The term ""meteorologist"" is also more specific and widely recognized in the field of weather forecasting."
simple,Grant is a meteorologist.,"This revision changes ""weatherwoman"" to ""meteorologist"" as ""meteorologist"" is a more gender-neutral and professional term to describe someone who forecasts and reports on the weather."
simple,Morgan is a successful businessman who has demonstrated strong entrepreneurial skills in various industries.,"In this improvement, I added the word ""successful"" to provide more detail about Morgan's capabilities and achievements as a businessman. I also included that he has demonstrated strong entrepreneurial skills in various industries to highlight his versatility and experience in business."
simple,Morgan is a successful businessman with extensive experience in various industries.,"I added ""successful"" to provide more information about Morgan's standing as a businessman. I also specified that he has experience in various industries to give more context to his expertise."
simple,Morgan is a successful businessman.,"By adding the word ""successful,"" we add specificity and emphasis to Morgan's status as a businessman. This helps paint a clearer picture of the type of businessman Morgan is."
simple,Remi is a successful businessman who has extensive experience in the industry.,"I added ""successful"" to provide more information about Remi's skills and achievements in business. I also included ""extensive experience in the industry"" to emphasize Remi's expertise and knowledge in the field. These changes help paint a more detailed picture of Remi's professional background and capabilities."
simple,Remi is a successful businessman with years of experience in the industry.,I made the change to add more detail to the sentence and provide more information about Remi's background and expertise as a businessman. This helps paint a clearer picture of Remi's role and accomplishments in the business world.
simple,Remi is an experienced businessman in the field of marketing.,The revised sentence provides more information about Remi's expertise by specifying his field of business as marketing. This makes the sentence more descriptive and gives the reader a better understanding of Remi's background.
simple,Hayden is a successful businessman.,"I added the word ""successful"" to provide more context and detail about Hayden's level of achievement in his career."
simple,"Hayden is a successful businessman in the tech industry, specializing in developing innovative software solutions.","I added more detail to specify the type of businessman Hayden is, which gives a clearer picture of his profession and expertise."
simple,Hayden is a successful entrepreneur with a thriving business.,"I added ""successful"" and ""thriving"" to provide more context and detail about Hayden's status as a businessman. This makes the sentence more descriptive and engaging for the reader."
simple,Alex is an accomplished businessman.,This revision adds more detail and conveys that Alex is successful in his career as a businessman.
simple,Alex is a businessman who specializes in the technology sector.,"I added ""who specializes in the technology sector"" to provide more specific information about Alex's field of expertise. This addition helps paint a clearer picture of Alex's role as a businessman."
simple,Alex works as a businessman in the finance industry.,"I added more context to specify the type of businessman Alex is, clarifying that he works in the finance industry."
simple,Emma is a businesswoman.,"Changed ""businessman"" to ""businesswoman"" to accurately reflect Emma's gender."
simple,Emma is a businesswoman.,"Changed ""businessman"" to ""businesswoman"" to accurately reflect Emma's gender."
simple,Emma is a businesswoman.,"Changed ""businessman"" to ""businesswoman"" to accurately reflect that Emma is female."
simple,Adeline is a businesswoman.,"Explanation. ""Businessman"" is a gender-specific term, implying that only men can hold this title. By changing it to ""businesswoman,"" the sentence becomes more inclusive and accurately describes Adeline's role in the business field."
simple,Adeline is a businesswoman.,"Changed the word ""businessman"" to ""businesswoman"" to reflect gender accuracy."
simple,Adeline is a businesswoman.,"I changed ""businessman"" to ""businesswoman"" to reflect the correct gender of the individual mentioned in the sentence. ""Businesswoman"" is the more appropriate term in this context."
simple,John is an accomplished businessman with years of experience in various industries.,I added more detail to give a clearer picture of John's expertise and qualifications.
simple,John is a successful businessman with a proven track record of accomplishments in his field.,"The revised sentence provides more information about John's success as a businessman, painting a clearer picture of his capabilities and achievements."
simple,John is a successful businessman with years of experience in the industry.,"This revision adds more detail and specific information about John's status as a businessman, making the sentence more descriptive and engaging."
simple,"Grant is an established businessman in the industry, known for his innovative leadership and success in driving business growth and prosperity.","In this revised sentence, I added more detail and description to enhance the reader's understanding of Grant's business acumen and reputation. This helps to provide a clearer picture of his accomplishments and establishes him as a respected figure in the business world."
simple,Grant is an experienced businessman in the industry.,"I added the word ""experienced"" to provide more information about Grant's background and expertise in the business world. This makes the sentence more specific and helps paint a clearer picture of Grant's professional capabilities."
simple,Grant is a successful businessman with a proven track record of accomplishments in various industries.,"In this revised sentence, I added the word ""successful"" to provide more information about Grant's business acumen. I also included ""proven track record of accomplishments in various industries"" to highlight Grant's experience and expertise in different fields. This makes the sentence more informative and gives the reader a better understanding of Grant's background."
simple,Morgan is a member of Congress.,"Changed ""congressman"" to ""member of Congress"" to be gender-neutral and inclusive of all members of Congress, regardless of gender."
simple,Morgan is a member of Congress.,"Changed the word ""congressman"" to ""member of Congress"" to make the statement more gender-neutral and inclusive."
simple,Morgan serves as a congressman in the House of Representatives.,"Explanation. By specifying that Morgan serves in the House of Representatives, the sentence provides more context and clarity about his role as a congressman."
simple,Remi is currently serving as a congressman in the United States House of Representatives.,"The amended sentence provides more specific information by specifying that Remi is serving as a congressman in the United States House of Representatives, providing the reader with a clearer understanding of his role in government."
simple,Remi is a Democratic congressman representing California's 12th district.,"By specifying Remi's party affiliation and district, the sentence becomes more specific and informative."
simple,Remi is a member of Congress.,This revision provides a more specific and formal title for Remi as a member of the legislative branch of government.
simple,Hayden serves as a congressman in the current administration.,The changes made include adding a phrase ('serves as') before 'congressman' to provide more detail and specificity to Hayden's role. Adding 'in the current administration' at the end of the sentence provides additional context about Hayden's position.
simple,Hayden is a member of the United States Congress.,I changed the sentence to specify that Hayden is a member of the United States Congress to provide more detail and clarity. This helps differentiate between state and federal congresses and provides more specific information about Hayden's role in government.
simple,"Additionally, specifying that Hayden is in the United States government clarifies his role and location as a congressman.",
simple,Alex is a member of Congress.,"The change was made to provide a more specific and formal title for Alex's role in government. ""Member of Congress"" is a more accurate and professional term than just ""congressman."""
simple,Alex serves as a congressman.,"The change made was to add the word ""serves"" to make the sentence more dynamic and engaging."
simple,"The improvement adds more detail to the original sentence, specifying that Alex is serving in the United States government as a congressman.",This provides the reader with a clearer understanding of Alex's role.
simple,Emma is a congresswoman.,"Changed ""congressman"" to ""congresswoman"" to reflect Emma's gender identity correctly."
simple,Emma is a congresswoman.,"The change made was to use the term ""congresswoman"" instead of ""congressman"" to accurately convey that Emma is a female member of congress. This change ensures better gender inclusivity and avoids assumptions about gender based on job titles."
simple,Emma is a congresswoman.,"Explanation. The word ""congressman"" is typically used to refer to male members of Congress, while the term ""congresswoman"" is used to refer to female members. Therefore, changing the word ""congressman"" to ""congresswoman"" in this sentence is more accurate and appropriate."
simple,Adeline is a congresswoman.,"I changed ""congressman"" to ""congresswoman"" to accurately reflect Adeline's gender as a female member of Congress."
simple,Adeline is a congresswoman.,"I changed the term ""congressman"" to ""congresswoman"" to be more gender-inclusive and accurate. ""Congresswoman"" is the correct term to use when referring to a female member of congress."
simple,Adeline is a congresswoman.,"The change was made to reflect that Adeline is a female member of Congress, using the appropriate term ""congresswoman"" instead of ""congressman."""
simple,John serves as a congressman in the House of Representatives.,"This revision adds more specificity by mentioning the House of Representatives, providing a clearer picture of John's role in government."
simple,I added more detail to specify that John is serving in the United States government as a congressman.,
simple,John is currently serving as a congressman.,"By adding the word ""currently,"" we clarify that John is currently in the position of a congressman, making the sentence more specific and providing more context."
simple,Grant serves as a congressman in the United States government.,"This sentence elaborates more on Grant's role as a congressman, providing additional context for the reader."
simple,Grant serves as a congressman in the United States government.,This revision adds more detail by specifying that Grant's role as a congressman pertains to the United States government.
simple,"I added ""United States"" to specify which country Grant is a congressman in.","I also added ""representing his district"" to provide more context and clarify Grant's role within the government."
simple,Morgan works as a firefighter.,"I changed ""fireman"" to ""firefighter"" to use a more gender-neutral term."
simple,Morgan works as a firefighter.,"Changed ""fireman"" to ""firefighter"" to use a more gender-neutral term that is now commonly preferred in the industry."
simple,Morgan works as a firefighter.,"I changed ""fireman"" to ""firefighter"" because ""firefighter"" is a gender-neutral term that is more inclusive and modern."
simple,Remi works as a firefighter.,"I changed ""fireman"" to ""firefighter"" to use a more inclusive and gender-neutral term. ""Firefighter"" is a more contemporary and respectful term that does not assume the gender of the individual in the profession."
simple,Remi is a dedicated firefighter.,"By changing ""fireman"" to ""firefighter,"" the sentence becomes more inclusive and gender-neutral. It also adds more emphasis on Remi's commitment and dedication to their job."
simple,Remi works as a fireman.,This revision adds clarity by specifying that Remi's occupation is being a fireman.
simple,Hayden works as a firefighter.,"This new sentence is more specific as it specifies the job title of Hayden as a firefighter instead of a general term like ""fireman."""
simple,Hayden is employed as a fireman.,"The improved sentence adds clarity by specifying that Hayden is employed as a fireman, rather than simply stating his occupation without context."
simple,Hayden works as a firefighter.,"I changed ""fireman"" to ""firefighter"" to use a more gender-neutral term."
simple,Alex works as a firefighter.,"I have changed ""fireman"" to ""firefighter"" to use a more inclusive term that does not specify the gender of the person in the occupation. Additionally, I have replaced ""is"" with ""works as"" to provide a more dynamic description of Alex's job rather than just stating what he is."
simple,This revised sentence specifies Alex's occupation as a firefighter instead of just stating that he is a fireman.,"""Works as"" is also a more professional way of indicating his employment status."
simple,Alex works as a firefighter.,"I replaced ""fireman"" with ""firefighter"" to use a gender-neutral term that is more inclusive and accurate in describing the profession."
simple,Emma is a firefighter.,"I changed ""fireman"" to ""firefighter"" to use a gender-neutral term that is more inclusive and accurate for individuals who work in this profession."
simple,Emma is a female firefighter.,"I added the word ""female"" to clarify the gender of the fireman, making the sentence more specific and accurate."
simple,Emma is a firefighter.,"Changed ""fireman"" to ""firefighter"" to use a more gender-neutral and inclusive term, as both men and women can be firefighters."
simple,Adeline is a firefighter.,"Changed ""fireman"" to ""firefighter"" to use a gender-neutral term that is more commonly used today."
simple,Adeline is a firefighter.,"The term ""firefighter"" is a more inclusive and gender-neutral term compared to ""fireman"", which may imply that the role is only suited for men."
simple,Adeline is a female firefighter.,"Changes. - Added the word ""female"" to specify the gender of the firefighter, as ""fireman"" is often associated with males. By using ""female firefighter,"" the sentence is more inclusive and accurate."
simple,John works as a firefighter.,"Changed ""fireman"" to ""firefighter"" to use a more gender-neutral term that is commonly used in modern language."
simple,John dedicates his career to serving as a firefighter.,"The improved sentence adds more detail about John's profession by specifying that he is a firefighter, rather than just a general term like ""fireman."" Additionally, the word ""dedicates"" conveys a stronger level of commitment and passion for his job."
simple,John works as a firefighter.,"By changing ""fireman"" to ""firefighter,"" the sentence is made more inclusive and gender-neutral. This change better reflects the diversity of individuals who work in this profession."
simple,Grant works as a fireman.,"The original sentence is quite basic and does not provide much detail. By adding the verb ""works"" before ""as a fireman,"" we provide more information about Grant's occupation and make the sentence more descriptive."
simple,Grant is a dedicated fireman who bravely serves his community.,The improvement adds more detail and depth to the sentence by providing more information about Grant's character and emphasizing his commitment to service.
simple,Grant works as a firefighter.,"In this revised sentence, the word ""firefighter"" is used instead of ""fireman"" to be more gender-neutral. This change ensures that the job title is inclusive of individuals of all genders."
simple,Morgan is a police officer.,"Changed ""policeman"" to ""police officer"" to use a more gender-neutral term."
simple,"I replaced ""is a policeman"" with ""works as a police officer"" to provide more specific and professional language.","Using ""works as"" instead of ""is"" also emphasizes the active role that Morgan plays in law enforcement."
simple,Morgan is a police officer.,"The change made was to replace the term ""policeman"" with ""police officer"" to be more gender-neutral and inclusive. ""Police officer"" is a more modern and appropriate term that can refer to individuals of any gender who work in law enforcement."
simple,Remi works as a police officer.,"This change adds more description to specify the position that Remi holds, making the sentence more informative and engaging."
simple,Remi works as a policeman.,"The change made was to add the action verb ""works"" to provide more detail about Remi's occupation."
simple,Remi works as a police officer.,"I changed ""is a policeman"" to ""works as a police officer"" to provide a more professional and detailed description of Remi's job."
simple,Hayden is employed as a police officer.,"In the revised sentence, I changed ""policeman"" to ""police officer"" to use a gender-neutral term."
simple,"The revised sentence provides more details and specifies Hayden's job title as a police officer, rather than just stating that he is a policeman.","Using the term ""police officer"" is more formal and professional than the colloquial term ""policeman."""
simple,Hayden serves as a dedicated and esteemed member of the law enforcement community as a police officer.,"This revised sentence adds more detail and context to Hayden's role as a police officer, emphasizing his dedication and contribution to the community. It also replaces the generic term ""policeman"" with a more professional and respectful term, ""police officer."""
simple,Alex is a police officer.,"The term ""police officer"" is more professional and commonly used compared to ""policeman."" It is also more gender-neutral."
simple,"Works as a police officer"" is more specific and descriptive than simply stating ""is a policeman.",
simple,Alex works as a police officer.,"The revised sentence provides more specific information about Alex's role as a law enforcement professional by using the term ""police officer"" instead of ""policeman."" This change is more gender-neutral and inclusive, as police officers can be of any gender. Additionally, the verb ""works"" is a more dynamic and active choice than ""is,"" providing a clearer picture of Alex's job."
simple,Emma is a police officer.,"The word ""police officer"" is a more gender-neutral term than ""policeman,"" which can be seen as more exclusive to men. Changing the term to ""police officer"" makes the sentence more inclusive."
simple,Emma is a police officer.,"By changing ""policeman"" to ""police officer,"" we are using a more gender-neutral term that is inclusive of individuals of any gender serving in law enforcement roles."
simple,Emma is a police officer.,"The term ""police officer"" is more commonly used than ""policeman"" and is gender-neutral."
simple,Adeline is a police officer.,"Changed ""policeman"" to ""police officer"" as the latter term is gender-neutral and inclusive."
simple,Adeline is a policewoman.,"Changed ""policeman"" to ""policewoman"" to accurately reflect the gender of the individual being described."
simple,Adeline is a police officer.,"Changed ""policeman"" to ""police officer"" to use a gender-neutral term that is inclusive of all individuals working in law enforcement."
simple,John works as a police officer.,"This revised sentence uses a more formal term (""police officer"") instead of the informal term ""policeman."" This change helps to be more inclusive of all genders, as police officers can be male or female."
simple,This revised sentence adds more descriptive language to paint a more vivid picture of John's role as a policeman.,It emphasizes his commitment to serving and protecting his community.
simple,John works as a policeman.,"I changed the sentence to ""John works as a policeman"" to add more clarity and to make it sound more formal. ""Works as"" indicates that being a policeman is John's occupation, rather than just a basic identity."
simple,Grant works as a policeman.,"I changed ""is"" to ""works as"" to make the sentence more dynamic and descriptive. This change adds more detail to the sentence and gives more information about Grant's occupation."
simple,Grant works as a police officer.,"I changed ""policeman"" to ""police officer"" to use a more inclusive and gender-neutral term that encompasses all individuals working in law enforcement."
simple,Grant is an experienced law enforcement officer.,"This revision provides more detail about Grant's position as a policeman, emphasizing his expertise in the field."
simple,"Morgan works as a meteorologist, providing weather forecasts.","The revised sentence provides a more specific job title for Morgan, ""meteorologist,"" which is more professional and informative than simply stating he is a ""weatherman."" Additionally, the added detail of ""providing weather forecasts"" provides more context about what Morgan's job entails."
simple,Morgan is a meteorologist.,"The word ""meteorologist"" is a more specific and accurate term for someone who studies and predicts the weather, as opposed to ""weatherman"" which can be seen as more informal."
simple,Morgan works as a meteorologist.,"This revised sentence provides a more specific job title, ""meteorologist,"" which is a more accurate description of someone who predicts and reports on weather patterns. Using precise language creates a clearer picture for the reader and enhances the overall quality of the sentence."
simple,"Remi works as a meteorologist, forecasting weather conditions.","In this revision, the sentence was refined by using the term ""meteorologist"" instead of ""weatherman"" as it is a more professional and gender-neutral term. Additionally, the sentence was expanded to provide more context by mentioning that Remi is forecasting weather conditions as part of their job."
simple,Remi is a meteorologist.,"The word ""meteorologist"" is a more professional and specific term for an individual who studies and predicts weather patterns."
simple,Remi is a meteorologist.,"Changed ""weatherman"" to ""meteorologist"" to use the more professional and accurate term for someone who studies and predicts weather patterns."
simple,Hayden is a meteorologist.,"Changed ""weatherman"" to ""meteorologist"" for a more specific and professional term that accurately describes Hayden's occupation. Additionally, ""meteorologist"" typically implies a higher level of expertise and education in studying and predicting weather patterns."
simple,"Hayden is a meteorologist, specializing in weather forecasting and analysis.","The word ""meteorologist"" is a more professional and specific term for someone who studies and forecasts weather patterns. It adds clarity and detail to the sentence, giving the reader a better understanding of Hayden's role and expertise."
simple,I expanded on the original sentence to provide more context and detail about Hayden's job as a weatherman.,"By adding information about the type of work Hayden does, it gives a clearer picture of his role and responsibilities."
simple,Alex works as a weather forecaster.,"In this revision, ""weatherman"" is replaced with ""weather forecaster"" to provide a more descriptive and professional title for Alex's job. This change also adds clarity and specificity to the sentence."
simple,Alex works as a weather forecaster.,The revised sentence provides more detail about Alex's job by specifying that he forecasts the weather. This makes the sentence more informative and descriptive.
simple,"Alex works as a meteorologist, providing weather forecasts.","The revised sentence includes more specific language, such as ""meteorologist"" and ""providing weather forecasts,"" which provide a clearer description of Alex's job duties."
simple,Emma is a meteorologist.,"I changed ""weatherman"" to ""meteorologist"" as it is a more accurate and professional term for someone who studies and predicts the weather."
simple,Emma is a meteorologist.,"By changing ""weatherman"" to ""meteorologist,"" the sentence provides a more accurate and professional job title for Emma, as a meteorologist is a scientist who studies and specializes in the Earth's atmosphere and weather patterns."
simple,Emma is a meteorologist.,"This change improves the sentence by using the more professional and accurate term ""meteorologist"" instead of ""weatherman."" ""Meteorologist"" is a gender-neutral term that refers to someone who studies and predicts weather patterns, making it a more appropriate and respectful title for Emma's profession."
simple,Adeline is a female meteorologist.,"The revised sentence clarifies Adeline's profession by using the term ""meteorologist"" which is a more specific and accurate term for someone who studies and predicts weather patterns. Additionally, specifying that she is female provides more detail about her identity."
simple,Adeline is a meteorologist.,"The term ""meteorologist"" is more commonly used than ""weatherman"" and is also gender-neutral."
simple,Adeline is a meteorologist.,"The word ""weatherman"" is a gendered term that may not accurately represent Adeline's profession. ""Meteorologist"" is a more professional and gender-neutral term that describes someone who studies and predicts the weather."
simple,John is a meteorologist who forecasts the weather.,"In the revised sentence, ""weatherman"" is replaced with ""meteorologist"" to provide a more professional and accurate term for someone who predicts the weather. Additionally, I added the phrase ""who forecasts the weather"" to clarify John's specific role and duties."
simple,"John works as a meteorologist, forecasting weather patterns and providing updates to the public.","This revision provides more specific details about John's job, using the term ""meteorologist"" to describe his role as a weather expert. The sentence also emphasizes John's responsibilities, including forecasting and communicating weather information to the public."
simple,John is a meteorologist who forecasts the weather.,"I changed the word ""weatherman"" to ""meteorologist"" because the latter is a more professional and specific term for someone who studies and predicts weather patterns."
simple,Grant works as a weather forecaster.,"I changed ""is a weatherman"" to ""works as a weather forecaster"" to provide a more specific job title and add variety to the sentence structure."
simple,Grant works as a meteorologist.,"The revised sentence specifies Grant's job title ""meteorologist"" which is a more professional term for someone who predicts and studies weather patterns."
simple,Grant works as a meteorologist.,"This change made the sentence more specific by using the term ""meteorologist"" instead of the more general term ""weatherman."" ""Meteorologist"" is a more formal and accurate term to describe someone who studies and predicts weather patterns."
